판,순서,가공,축,원판경계mm,잔판상대거리mm,범위시작mm,범위끝mm,잔판Xmm,잔판Ymm,잔판X폭mm,잔판Y길이mm,톱날손실방향,톱날mm,재단상태
15T-01,1,테두리 정리,X,10,10,0,2400,0,0,600,2400,−X,4,재단 보류
15T-01,2,테두리 정리,X,590,580,0,2400,10,0,590,2400,+X,4,재단 보류
15T-01,3,테두리 정리,Y,10,10,10,590,10,0,580,2400,−Y,4,재단 보류
15T-01,4,테두리 정리,Y,2390,2380,10,590,10,10,580,2390,+Y,4,재단 보류
15T-01,5,부품 분할,X,290,280,10,2390,10,10,580,2380,+X,4,재단 보류
15T-01,6,부품 분할,Y,1430,1420,10,290,10,10,280,2380,+Y,4,재단 보류
15T-01,7,부품 분할,X,175,165,1434,2390,10,1434,280,956,+X,4,재단 보류
15T-01,8,부품 분할,Y,2284,850,10,175,10,1434,165,956,+Y,4,재단 보류
15T-01,9,부품 분할,X,160,150,2288,2390,10,2288,165,102,+X,4,재단 보류
15T-01,10,부품 분할,Y,2365,77,10,160,10,2288,150,102,+Y,4,재단 보류
15T-01,11,부품 분할,X,271,92,1434,2390,179,1434,111,956,+X,4,재단 보류
15T-01,12,부품 분할,Y,2194,760,179,271,179,1434,92,956,+Y,4,재단 보류
15T-01,13,부품 분할,X,319,25,10,2390,294,10,296,2380,+X,4,재단 보류
15T-01,14,부품 분할,Y,712.5,702.5,294,319,294,10,25,2380,+Y,4,재단 보류
15T-01,15,부품 분할,Y,1419,702.5,294,319,294,716.5,25,1673.5,+Y,4,재단 보류
15T-01,16,부품 분할,Y,2125.5,702.5,294,319,294,1423,25,967,+Y,4,재단 보류
15T-01,17,부품 분할,Y,680,670,323,590,323,10,267,2380,+Y,4,재단 보류
15T-01,18,부품 분할,X,459,136,10,680,323,10,267,670,+X,4,재단 보류
15T-01,19,부품 분할,X,518,55,10,680,463,10,127,670,+X,4,재단 보류
15T-01,20,부품 분할,Y,660,650,463,518,463,10,55,670,+Y,4,재단 보류
15T-01,21,부품 분할,X,577,55,10,680,522,10,68,670,+X,4,재단 보류
15T-01,22,부품 분할,Y,660,650,522,577,522,10,55,670,+Y,4,재단 보류
15T-01,23,부품 분할,Y,1386.5,702.5,323,590,323,684,267,1706,+Y,4,재단 보류
15T-01,24,부품 분할,X,348,25,684,1386.5,323,684,267,702.5,+X,4,재단 보류
15T-01,25,부품 분할,Y,1354,670,352,590,352,684,238,702.5,+Y,4,재단 보류
15T-01,26,부품 분할,X,488,136,684,1354,352,684,238,670,+X,4,재단 보류
15T-01,27,부품 분할,X,537,45,684,1354,492,684,98,670,+X,4,재단 보류
15T-01,28,부품 분할,Y,1169,485,492,537,492,684,45,670,+Y,4,재단 보류
15T-01,29,부품 분할,Y,1199,515,541,590,541,684,49,670,+Y,4,재단 보류
15T-01,30,잔여 폭 정리,X,586,45,684,1199,541,684,49,515,+X,4,재단 보류
15T-01,31,잔여 폭 정리,Y,1353,150,541,590,541,1203,49,151,+Y,4,재단 보류
15T-01,32,잔여 폭 정리,X,586,45,1203,1353,541,1203,49,150,+X,4,재단 보류
15T-01,33,부품 분할,Y,2040.5,650.0,323,590,323,1390.5,267,999.5,+Y,4,재단 보류
15T-01,34,부품 분할,X,576.5,253.5,1390.5,2040.5,323,1390.5,267,650,+X,4,재단 보류
15T-01,35,부품 분할,X,484,161,2044.5,2390,323,2044.5,267,345.5,+X,4,재단 보류
15T-01,36,부품 분할,Y,2374.5,330.0,323,484,323,2044.5,161,345.5,+Y,4,재단 보류
15T-01,37,부품 분할,Y,2364.5,320.0,488,590,488,2044.5,102,345.5,+Y,4,재단 보류
15T-01,38,부품 분할,X,538,50,2044.5,2364.5,488,2044.5,102,320,+X,4,재단 보류
15T-02,1,테두리 정리,X,10,10,0,2400,0,0,600,2400,−X,4,재단 보류
15T-02,2,테두리 정리,X,590,580,0,2400,10,0,590,2400,+X,4,재단 보류
15T-02,3,테두리 정리,Y,10,10,10,590,10,0,580,2400,−Y,4,재단 보류
15T-02,4,테두리 정리,Y,2390,2380,10,590,10,10,580,2390,+Y,4,재단 보류
15T-02,5,부품 분할,Y,712.5,702.5,10,590,10,10,580,2380,+Y,4,재단 보류
15T-02,6,부품 분할,X,290,280,10,712.5,10,10,580,702.5,+X,4,재단 보류
15T-02,7,부품 분할,X,574,280,10,712.5,294,10,296,702.5,+X,4,재단 보류
15T-02,8,부품 분할,Y,1366.5,650.0,10,590,10,716.5,580,1673.5,+Y,4,재단 보류
15T-02,9,부품 분할,X,263.5,253.5,716.5,1366.5,10,716.5,580,650,+X,4,재단 보류
15T-02,10,부품 분할,Y,1151.5,435.0,267.5,590,267.5,716.5,322.5,650,+Y,4,재단 보류
15T-02,11,부품 분할,X,438.5,171.0,716.5,1151.5,267.5,716.5,322.5,435,+X,4,재단 보류
15T-02,12,부품 분할,Y,1146.5,430.0,442.5,590,442.5,716.5,147.5,435,+Y,4,재단 보류
15T-02,13,부품 분할,X,492.5,50.0,716.5,1146.5,442.5,716.5,147.5,430,+X,4,재단 보류
15T-02,14,잔여 폭 정리,X,586.5,90.0,716.5,1146.5,496.5,716.5,93.5,430,+X,4,재단 보류
15T-02,15,부품 분할,Y,1136.5,420.0,496.5,586.5,496.5,716.5,90,430,+Y,4,재단 보류
15T-02,16,부품 분할,X,547.5,280.0,1155.5,1366.5,267.5,1155.5,322.5,211,+X,4,재단 보류
15T-02,17,부품 분할,Y,1345.5,190.0,267.5,547.5,267.5,1155.5,280,211,+Y,4,재단 보류
15T-02,18,부품 분할,Y,2040.5,670.0,10,590,10,1370.5,580,1019.5,+Y,4,재단 보류
15T-02,19,부품 분할,X,146,136,1370.5,2040.5,10,1370.5,580,670,+X,4,재단 보류
15T-02,20,부품 분할,X,286,136,1370.5,2040.5,150,1370.5,440,670,+X,4,재단 보류
15T-02,21,부품 분할,Y,1820.5,450.0,290,590,290,1370.5,300,670,+Y,4,재단 보류
15T-02,22,부품 분할,X,515,225,1370.5,1820.5,290,1370.5,300,450,+X,4,재단 보류
15T-02,23,부품 분할,X,569,50,1370.5,1820.5,519,1370.5,71,450,+X,4,재단 보류
15T-02,24,부품 분할,Y,1808.5,438.0,519,569,519,1370.5,50,450,+Y,4,재단 보류
15T-02,25,부품 분할,X,570,280,1824.5,2040.5,290,1824.5,300,216,+X,4,재단 보류
15T-02,26,부품 분할,Y,2014.5,190.0,290,570,290,1824.5,280,216,+Y,4,재단 보류
15T-02,27,부품 분할,Y,2264.5,220.0,10,590,10,2044.5,580,345.5,+Y,4,재단 보류
15T-02,28,부품 분할,X,470,460,2044.5,2264.5,10,2044.5,580,220,+X,4,재단 보류
15T-02,29,부품 분할,X,524,50,2044.5,2264.5,474,2044.5,116,220,+X,4,재단 보류
15T-02,30,부품 분할,X,578,50,2044.5,2264.5,528,2044.5,62,220,+X,4,재단 보류
15T-02,31,부품 분할,X,470,460,2268.5,2390,10,2268.5,580,121.5,+X,4,재단 보류
15T-02,32,부품 분할,Y,2293.5,25.0,10,470,10,2268.5,460,121.5,+Y,4,재단 보류
15T-02,33,부품 분할,Y,2347.5,50.0,10,470,10,2297.5,460,92.5,+Y,4,재단 보류
15T-02,34,부품 분할,X,440,430,2297.5,2347.5,10,2297.5,460,50,+X,4,재단 보류
15T-03,1,테두리 정리,X,10,10,0,2400,0,0,600,2400,−X,4,재단 보류
15T-03,2,테두리 정리,X,590,580,0,2400,10,0,590,2400,+X,4,재단 보류
15T-03,3,테두리 정리,Y,10,10,10,590,10,0,580,2400,−Y,4,재단 보류
15T-03,4,테두리 정리,Y,2390,2380,10,590,10,10,580,2390,+Y,4,재단 보류
15T-03,5,부품 분할,X,520,510,10,2390,10,10,580,2380,+X,4,재단 보류
15T-03,6,부품 분할,Y,410,400,10,520,10,10,510,2380,+Y,4,재단 보류
15T-03,7,부품 분할,Y,814,400,10,520,10,414,510,1976,+Y,4,재단 보류
15T-03,8,부품 분할,X,425,415,818,2390,10,818,510,1572,+X,4,재단 보류
15T-03,9,부품 분할,Y,1373,555,10,425,10,818,415,1572,+Y,4,재단 보류
15T-03,10,부품 분할,Y,1837,460,10,425,10,1377,415,1013,+Y,4,재단 보류
15T-03,11,부품 분할,X,230,220,1377,1837,10,1377,415,460,+X,4,재단 보류
15T-03,12,부품 분할,Y,1812,435,234,425,234,1377,191,460,+Y,4,재단 보류
15T-03,13,부품 분할,X,405,171,1377,1812,234,1377,191,435,+X,4,재단 보류
15T-03,14,부품 분할,X,230,220,1841,2390,10,1841,415,549,+X,4,재단 보류
15T-03,15,부품 분할,Y,2301,460,10,230,10,1841,220,549,+Y,4,재단 보류
15T-03,16,부품 분할,Y,2355,50,10,230,10,2305,220,85,+Y,4,재단 보류
15T-03,17,부품 분할,X,405,171,1841,2390,234,1841,191,549,+X,4,재단 보류
15T-03,18,부품 분할,Y,2276,435,234,405,234,1841,171,549,+Y,4,재단 보류
15T-03,19,부품 분할,X,489,60,818,2390,429,818,91,1572,+X,4,재단 보류
15T-03,20,부품 분할,Y,1303,485,429,489,429,818,60,1572,+Y,4,재단 보류
15T-03,21,부품 분할,X,479,50,1307,2390,429,1307,60,1083,+X,4,재단 보류
15T-03,22,부품 분할,Y,1822,515,429,479,429,1307,50,1083,+Y,4,재단 보류
15T-03,23,부품 분할,X,474,45,1826,2390,429,1826,50,564,+X,4,재단 보류
15T-03,24,부품 분할,Y,2326,500,429,474,429,1826,45,564,+Y,4,재단 보류
15T-03,25,잔여 폭 정리,X,518,25,818,2390,493,818,27,1572,+X,4,재단 보류
15T-03,26,부품 분할,Y,1278,460,493,518,493,818,25,1572,+Y,4,재단 보류
15T-03,27,부품 분할,Y,1742,460,493,518,493,1282,25,1108,+Y,4,재단 보류
15T-03,28,부품 분할,Y,2206,460,493,518,493,1746,25,644,+Y,4,재단 보류
15T-03,29,부품 분할,X,574,50,10,2390,524,10,66,2380,+X,4,재단 보류
15T-03,30,부품 분할,Y,495,485,524,574,524,10,50,2380,+Y,4,재단 보류
15T-03,31,부품 분할,X,569,45,499,2390,524,499,50,1891,+X,4,재단 보류
15T-03,32,부품 분할,Y,999,500,524,569,524,499,45,1891,+Y,4,재단 보류
15T-03,33,부품 분할,Y,1463,460,524,569,524,1003,45,1387,+Y,4,재단 보류
15T-03,34,부품 분할,X,549,25,1003,1463,524,1003,45,460,+X,4,재단 보류
15T-03,35,부품 분할,Y,1927,460,524,569,524,1467,45,923,+Y,4,재단 보류
15T-03,36,부품 분할,X,549,25,1467,1927,524,1467,45,460,+X,4,재단 보류
15T-03,37,부품 분할,Y,2351,420,524,569,524,1931,45,459,+Y,4,재단 보류
15T-04,1,테두리 정리,X,10,10,0,2400,0,0,600,2400,−X,4,재단 보류
15T-04,2,테두리 정리,X,590,580,0,2400,10,0,590,2400,+X,4,재단 보류
15T-04,3,테두리 정리,Y,10,10,10,590,10,0,580,2400,−Y,4,재단 보류
15T-04,4,테두리 정리,Y,2390,2380,10,590,10,10,580,2390,+Y,4,재단 보류
15T-04,5,부품 분할,X,510,500,10,2390,10,10,580,2380,+X,4,재단 보류
15T-04,6,부품 분할,Y,475,465,10,510,10,10,500,2380,+Y,4,재단 보류
15T-04,7,부품 분할,X,495,485,479,2390,10,479,500,1911,+X,4,재단 보류
15T-04,8,부품 분할,Y,994,515,10,495,10,479,485,1911,+Y,4,재단 보류
15T-04,9,부품 분할,Y,1498,500,10,495,10,998,485,1392,+Y,4,재단 보류
15T-04,10,부품 분할,X,475,465,998,1498,10,998,485,500,+X,4,재단 보류
15T-04,11,부품 분할,Y,1937,435,10,495,10,1502,485,888,+Y,4,재단 보류
15T-04,12,부품 분할,X,460,450,1941,2390,10,1941,485,449,+X,4,재단 보류
15T-04,13,부품 분할,Y,2379,438,10,460,10,1941,450,449,+Y,4,재단 보류
15T-04,14,부품 분할,X,559,45,10,2390,514,10,76,2380,+X,4,재단 보류
15T-04,15,부품 분할,Y,430,420,514,559,514,10,45,2380,+Y,4,재단 보류
15T-05,1,테두리 정리,X,10,10,0,2400,0,0,600,2400,−X,4,재단 보류
15T-05,2,테두리 정리,X,590,580,0,2400,10,0,590,2400,+X,4,재단 보류
15T-05,3,테두리 정리,Y,10,10,10,590,10,0,580,2400,−Y,4,재단 보류
15T-05,4,테두리 정리,Y,2390,2380,10,590,10,10,580,2390,+Y,4,재단 보류
15T-05,5,부품 분할,Y,460,450,10,590,10,10,580,2380,+Y,4,재단 보류
15T-05,6,부품 분할,X,495,485,10,460,10,10,580,450,+X,4,재단 보류
15T-05,7,부품 분할,Y,448,438,499,590,499,10,91,450,+Y,4,재단 보류
15T-05,8,부품 분할,X,564,65,10,448,499,10,91,438,+X,4,재단 보류
15T-05,9,부품 분할,Y,914,450,10,590,10,464,580,1926,+Y,4,재단 보류
15T-05,10,부품 분할,X,495,485,464,914,10,464,580,450,+X,4,재단 보류
15T-05,11,부품 분할,X,549,50,464,914,499,464,91,450,+X,4,재단 보류
15T-05,12,부품 분할,Y,902,438,499,549,499,464,50,450,+Y,4,재단 보류
15T-05,13,부품 분할,Y,1143,225,10,590,10,918,580,1472,+Y,4,재단 보류
15T-05,14,부품 분할,X,430,420,918,1143,10,918,580,225,+X,4,재단 보류
15T-05,15,부품 분할,Y,1138,220,434,590,434,918,156,225,+Y,4,재단 보류
15T-05,16,부품 분할,X,484,50,918,1138,434,918,156,220,+X,4,재단 보류
15T-05,17,부품 분할,X,538,50,918,1138,488,918,102,220,+X,4,재단 보류
15T-05,18,부품 분할,Y,1318,171,10,590,10,1147,580,1243,+Y,4,재단 보류
15T-05,19,부품 분할,X,445,435,1147,1318,10,1147,580,171,+X,4,재단 보류
15T-05,20,부품 분할,X,370,360,1322,2390,10,1322,580,1068,+X,4,재단 보류
15T-05,21,부품 분할,Y,1483,161,10,370,10,1322,360,1068,+Y,4,재단 보류
15T-05,22,부품 분할,Y,1648,161,10,370,10,1487,360,903,+Y,4,재단 보류
15T-05,23,부품 분할,X,360,350,1652,2390,10,1652,360,738,+X,4,재단 보류
15T-05,24,부품 분할,Y,1823,171,10,360,10,1652,350,738,+Y,4,재단 보류
15T-05,25,부품 분할,Y,1998,171,10,360,10,1827,350,563,+Y,4,재단 보류
15T-05,26,부품 분할,X,330,320,2002,2390,10,2002,350,388,+X,4,재단 보류
15T-05,27,부품 분할,Y,2322,320,10,330,10,2002,320,388,+Y,4,재단 보류
15T-05,28,부품 분할,Y,2376,50,10,330,10,2326,320,64,+Y,4,재단 보류
15T-05,29,부품 분할,X,535,161,1322,2390,374,1322,216,1068,+X,4,재단 보류
15T-05,30,부품 분할,Y,1682,360,374,535,374,1322,161,1068,+Y,4,재단 보류
15T-05,31,부품 분할,Y,2046,360,374,535,374,1686,161,704,+Y,4,재단 보류
15T-05,32,부품 분할,Y,2380,330,374,535,374,2050,161,340,+Y,4,재단 보류
15T-05,33,잔여 폭 정리,X,589,50,1322,2390,539,1322,51,1068,+X,4,재단 보류
15T-05,34,부품 분할,Y,1542,220,539,589,539,1322,50,1068,+Y,4,재단 보류
15T-05,35,부품 분할,Y,1766,220,539,589,539,1546,50,844,+Y,4,재단 보류
15T-05,36,부품 분할,Y,1990,220,539,589,539,1770,50,620,+Y,4,재단 보류
12T-01,1,테두리 정리,X,10,10,0,2400,0,0,600,2400,−X,4,재단 보류
12T-01,2,테두리 정리,X,590,580,0,2400,10,0,590,2400,+X,4,재단 보류
12T-01,3,테두리 정리,Y,10,10,10,590,10,0,580,2400,−Y,4,재단 보류
12T-01,4,테두리 정리,Y,2390,2380,10,590,10,10,580,2390,+Y,4,재단 보류
12T-01,5,부품 분할,X,368,358,10,2390,10,10,580,2380,+X,4,재단 보류
12T-01,6,부품 분할,Y,150,140,10,368,10,10,358,2380,+Y,4,재단 보류
12T-01,7,부품 분할,Y,368,358,372,590,372,10,218,2380,+Y,4,재단 보류
12T-01,8,부품 분할,X,472,100,10,368,372,10,218,358,+X,4,재단 보류
12T-01,9,부품 분할,Y,356,346,476,590,476,10,114,358,+Y,4,재단 보류
12T-01,10,부품 분할,X,522,46,10,356,476,10,114,346,+X,4,재단 보류
12T-01,11,부품 분할,X,576,50,10,356,526,10,64,346,+X,4,재단 보류
12T-01,12,부품 분할,Y,718,346,372,590,372,372,218,2018,+Y,4,재단 보류
12T-01,13,부품 분할,X,470,98,372,718,372,372,218,346,+X,4,재단 보류
12T-01,14,부품 분할,Y,540,168,474,590,474,372,116,346,+Y,4,재단 보류
12T-01,15,부품 분할,X,574,100,372,540,474,372,116,168,+X,4,재단 보류
12T-01,16,부품 분할,X,574,100,544,718,474,544,116,174,+X,4,재단 보류
12T-01,17,부품 분할,Y,642,98,474,574,474,544,100,174,+Y,4,재단 보류
12T-01,18,부품 분할,Y,670,24,474,574,474,646,100,72,+Y,4,재단 보류
12T-01,19,부품 분할,Y,698,24,474,574,474,674,100,44,+Y,4,재단 보류
