판,두께T,부품번호,제품,부품,원본가로mm,원본세로mm,Xmm,Ymm,배치X폭mm,배치Y길이mm,회전도,재단상태
15T-01,15,P01-08,라인 스툴 Low,좌판 지지대 0,320,50,488,2044.5,50,320,90,사진 추정 치수 — 재단 보류
15T-01,15,P03-02,라인 선반 Low,좌 측판 144,136,670,323,10,136,670,0,사진 추정 치수 — 재단 보류
15T-01,15,P03-04,라인 선반 Low,우 측판 144,136,670,352,684,136,670,0,사진 추정 치수 — 재단 보류
15T-01,15,P04-04,라인 티비 선반,중앙 측판 169,161,330,323,2044.5,161,330,0,사진 추정 치수 — 재단 보류
15T-01,15,P04-09,라인 티비 선반,선반 330-15,1420,280,10,10,280,1420,90,사진 추정 치수 — 재단 보류
15T-01,15,P04-10,라인 티비 선반,상판 지지대 15-25,702.5,25,294,10,25,702.5,90,사진 추정 치수 — 재단 보류
15T-01,15,P04-11,라인 티비 선반,상판 지지대 15-290,702.5,25,323,684,25,702.5,90,사진 추정 치수 — 재단 보류
15T-01,15,P04-12,라인 티비 선반,상판 지지대 732.5-25,702.5,25,294,1423,25,702.5,90,사진 추정 치수 — 재단 보류
15T-01,15,P04-13,라인 티비 선반,상판 지지대 732.5-290,702.5,25,294,716.5,25,702.5,90,사진 추정 치수 — 재단 보류
15T-01,15,P05-01,벼루 벽선반 01,선반,850,165,10,1434,165,850,90,사진 추정 치수 — 재단 보류
15T-01,15,P05-02,벼루 벽선반 01,상부 후면판,760,92,179,1434,92,760,90,사진 추정 치수 — 재단 보류
15T-01,15,P05-03,벼루 벽선반 01,교차판 하부,150,45,541,1203,45,150,90,사진 추정 치수 — 재단 보류
15T-01,15,P05-04,벼루 벽선반 01,교차판 상부,150,77,10,2288,150,77,0,사진 추정 치수 — 재단 보류
15T-01,15,P09-01,라인 암체어 쿠션 제외,좌 앞다리,55,650,463,10,55,650,0,사진 추정 치수 — 재단 보류
15T-01,15,P09-03,라인 암체어 쿠션 제외,우 앞다리,55,650,522,10,55,650,0,사진 추정 치수 — 재단 보류
15T-01,15,P09-05,라인 암체어 쿠션 제외,좌 등받이 겸 뒷다리,253.5,650,323,1390.5,253.5,650,0,사진 추정 치수 — 재단 보류
15T-01,15,P09-08,라인 암체어 쿠션 제외,전면 가로대 0,515,45,541,684,45,515,90,사진 추정 치수 — 재단 보류
15T-01,15,P09-12,라인 암체어 쿠션 제외,등받이 상부 연결대,485,45,492,684,45,485,90,사진 추정 치수 — 재단 보류
15T-02,15,P01-01,라인 스툴 Low,좌 측판 0,171,435,267.5,716.5,171,435,0,사진 추정 치수 — 재단 보류
15T-02,15,P02-03,스텝 스툴,상단 디딤판,450,225,290,1370.5,225,450,90,사진 추정 치수 — 재단 보류
15T-02,15,P02-07,스텝 스툴,후면 연결판,420,90,496.5,716.5,90,420,90,사진 추정 치수 — 재단 보류
15T-02,15,P03-01,라인 선반 Low,좌 측판 0,136,670,150,1370.5,136,670,0,사진 추정 치수 — 재단 보류
15T-02,15,P03-03,라인 선반 Low,우 측판 0,136,670,10,1370.5,136,670,0,사진 추정 치수 — 재단 보류
15T-02,15,P03-11,라인 선반 Low,선반 617,460,220,10,2044.5,460,220,0,사진 추정 치수 — 재단 보류
15T-02,15,P03-13,라인 선반 Low,선반 지지대 617-235,460,25,10,2268.5,460,25,0,사진 추정 치수 — 재단 보류
15T-02,15,P04-07,라인 티비 선반,선반 45-15,702.5,280,10,10,280,702.5,90,사진 추정 치수 — 재단 보류
15T-02,15,P04-08,라인 티비 선반,선반 45-732.5,702.5,280,294,10,280,702.5,90,사진 추정 치수 — 재단 보류
15T-02,15,P07-06,로우 체어 01 쿠션 제외,좌판 지지대 450,438,50,519,1370.5,50,438,90,사진 추정 치수 — 재단 보류
15T-02,15,P09-02,라인 암체어 쿠션 제외,좌 좌판 지지대,430,50,442.5,716.5,50,430,90,사진 추정 치수 — 재단 보류
15T-02,15,P09-04,라인 암체어 쿠션 제외,우 좌판 지지대,430,50,10,2297.5,430,50,0,사진 추정 치수 — 재단 보류
15T-02,15,P09-06,라인 암체어 쿠션 제외,우 등받이 겸 뒷다리,253.5,650,10,716.5,253.5,650,0,사진 추정 치수 — 재단 보류
15T-02,15,P10-01,베이직 미니 스툴,적층 상판 220,280,190,267.5,1155.5,280,190,0,사진 추정 치수 — 재단 보류
15T-02,15,P10-02,베이직 미니 스툴,적층 상판 235,280,190,290,1824.5,280,190,0,사진 추정 치수 — 재단 보류
15T-02,15,P10-04,베이직 미니 스툴,우 적층 다리 15-0,50,220,528,2044.5,50,220,0,사진 추정 치수 — 재단 보류
15T-02,15,P10-09,베이직 미니 스툴,좌 적층 다리 145-15,50,220,474,2044.5,50,220,0,사진 추정 치수 — 재단 보류
15T-03,15,P01-02,라인 스툴 Low,좌 측판 179,171,435,234,1377,171,435,0,사진 추정 치수 — 재단 보류
15T-03,15,P01-04,라인 스툴 Low,우 측판 179,171,435,234,1841,171,435,0,사진 추정 치수 — 재단 보류
15T-03,15,P02-06,스텝 스툴,디딤판 지지대 225,420,45,524,1931,45,420,90,사진 추정 치수 — 재단 보류
15T-03,15,P03-05,라인 선반 Low,선반 93,460,220,10,1841,220,460,90,사진 추정 치수 — 재단 보류
15T-03,15,P03-06,라인 선반 Low,선반 지지대 93-30,460,25,493,1746,25,460,90,사진 추정 치수 — 재단 보류
15T-03,15,P03-07,라인 선반 Low,선반 지지대 93-235,460,25,524,1003,25,460,90,사진 추정 치수 — 재단 보류
15T-03,15,P03-08,라인 선반 Low,선반 355,460,220,10,1377,220,460,90,사진 추정 치수 — 재단 보류
15T-03,15,P03-09,라인 선반 Low,선반 지지대 355-30,460,25,493,1282,25,460,90,사진 추정 치수 — 재단 보류
15T-03,15,P03-10,라인 선반 Low,선반 지지대 355-235,460,25,524,1467,25,460,90,사진 추정 치수 — 재단 보류
15T-03,15,P03-12,라인 선반 Low,선반 지지대 617-30,460,25,493,818,25,460,90,사진 추정 치수 — 재단 보류
15T-03,15,P08-01,로우 체어 02 쿠션 제외,좌 홈 측판,400,510,10,10,510,400,90,사진 추정 치수 — 재단 보류
15T-03,15,P08-02,로우 체어 02 쿠션 제외,우 홈 측판,400,510,10,414,510,400,90,사진 추정 치수 — 재단 보류
15T-03,15,P08-03,로우 체어 02 쿠션 제외,홈 좌판,555,415,10,818,415,555,90,사진 추정 치수 — 재단 보류
15T-03,15,P08-04,로우 체어 02 쿠션 제외,등받이,485,60,429,818,60,485,90,사진 추정 치수 — 재단 보류
15T-03,15,P08-06,로우 체어 02 쿠션 제외,전면 좌판 지지대,485,50,524,10,50,485,90,사진 추정 치수 — 재단 보류
15T-03,15,P09-09,라인 암체어 쿠션 제외,전면 가로대 385,515,50,429,1307,50,515,90,사진 추정 치수 — 재단 보류
15T-03,15,P09-10,라인 암체어 쿠션 제외,좌 팔걸이,45,500,429,1826,45,500,0,사진 추정 치수 — 재단 보류
15T-03,15,P09-11,라인 암체어 쿠션 제외,우 팔걸이,45,500,524,499,45,500,0,사진 추정 치수 — 재단 보류
15T-03,15,P10-10,베이직 미니 스툴,우 적층 다리 145-15,50,220,10,2305,220,50,90,사진 추정 치수 — 재단 보류
15T-04,15,P02-05,스텝 스툴,디딤판 지지대 0,420,45,514,10,45,420,90,사진 추정 치수 — 재단 보류
15T-04,15,P07-01,로우 체어 01 쿠션 제외,좌 측판,465,500,10,10,500,465,90,사진 추정 치수 — 재단 보류
15T-04,15,P07-02,로우 체어 01 쿠션 제외,우 측판,465,500,10,998,465,500,0,사진 추정 치수 — 재단 보류
15T-04,15,P07-03,로우 체어 01 쿠션 제외,좌판,438,450,10,1941,450,438,90,사진 추정 치수 — 재단 보류
15T-04,15,P08-05,로우 체어 02 쿠션 제외,후면 하부판,485,435,10,1502,485,435,0,사진 추정 치수 — 재단 보류
15T-04,15,P09-07,라인 암체어 쿠션 제외,좌판,515,485,10,479,485,515,90,사진 추정 치수 — 재단 보류
15T-05,15,P01-03,라인 스툴 Low,우 측판 0,171,435,10,1147,435,171,90,사진 추정 치수 — 재단 보류
15T-05,15,P01-05,라인 스툴 Low,좌판 0,350,171,10,1827,350,171,0,사진 추정 치수 — 재단 보류
15T-05,15,P01-06,라인 스툴 Low,좌판 179,350,171,10,1652,350,171,0,사진 추정 치수 — 재단 보류
15T-05,15,P01-07,라인 스툴 Low,하부 연결 선반,320,320,10,2002,320,320,0,사진 추정 치수 — 재단 보류
15T-05,15,P01-09,라인 스툴 Low,좌판 지지대 335,320,50,10,2326,320,50,0,사진 추정 치수 — 재단 보류
15T-05,15,P02-01,스텝 스툴,좌 계단 측판,450,485,10,464,485,450,90,사진 추정 치수 — 재단 보류
15T-05,15,P02-02,스텝 스툴,우 계단 측판,450,485,10,10,485,450,90,사진 추정 치수 — 재단 보류
15T-05,15,P02-04,스텝 스툴,하단 디딤판,420,225,10,918,420,225,0,사진 추정 치수 — 재단 보류
15T-05,15,P04-01,라인 티비 선반,좌 측판 0,161,360,374,1322,161,360,0,사진 추정 치수 — 재단 보류
15T-05,15,P04-02,라인 티비 선반,좌 측판 169,161,360,374,1686,161,360,0,사진 추정 치수 — 재단 보류
15T-05,15,P04-03,라인 티비 선반,중앙 측판 0,161,330,374,2050,161,330,0,사진 추정 치수 — 재단 보류
15T-05,15,P04-05,라인 티비 선반,우 측판 0,161,360,10,1322,360,161,90,사진 추정 치수 — 재단 보류
15T-05,15,P04-06,라인 티비 선반,우 측판 169,161,360,10,1487,360,161,90,사진 추정 치수 — 재단 보류
15T-05,15,P07-04,로우 체어 01 쿠션 제외,등받이,438,65,499,10,65,438,90,사진 추정 치수 — 재단 보류
15T-05,15,P07-05,로우 체어 01 쿠션 제외,좌판 지지대 0,438,50,499,464,50,438,90,사진 추정 치수 — 재단 보류
15T-05,15,P10-03,베이직 미니 스툴,좌 적층 다리 15-0,50,220,539,1546,50,220,0,사진 추정 치수 — 재단 보류
15T-05,15,P10-05,베이직 미니 스툴,좌 적층 다리 15-15,50,220,434,918,50,220,0,사진 추정 치수 — 재단 보류
15T-05,15,P10-06,베이직 미니 스툴,우 적층 다리 15-15,50,220,539,1770,50,220,0,사진 추정 치수 — 재단 보류
15T-05,15,P10-07,베이직 미니 스툴,좌 적층 다리 145-0,50,220,488,918,50,220,0,사진 추정 치수 — 재단 보류
15T-05,15,P10-08,베이직 미니 스툴,우 적층 다리 145-0,50,220,539,1322,50,220,0,사진 추정 치수 — 재단 보류
12T-01,12,P06-01,데스크 오거나이저,긴 후면판,358,140,10,10,358,140,0,사진 추정 치수 — 재단 보류
12T-01,12,P06-02,데스크 오거나이저,중간 칸막이,358,100,372,10,100,358,90,사진 추정 치수 — 재단 보류
12T-01,12,P06-03,데스크 오거나이저,전면판,346,50,526,10,50,346,90,사진 추정 치수 — 재단 보류
12T-01,12,P06-04,데스크 오거나이저,좌측 세로 칸막이,168,100,474,372,100,168,90,사진 추정 치수 — 재단 보류
12T-01,12,P06-05,데스크 오거나이저,좌측 트레이,100,98,474,544,100,98,0,사진 추정 치수 — 재단 보류
12T-01,12,P06-06,데스크 오거나이저,전면 트레이,346,98,372,372,98,346,90,사진 추정 치수 — 재단 보류
12T-01,12,P06-07,데스크 오거나이저,후면 트레이,346,46,476,10,46,346,90,사진 추정 치수 — 재단 보류
12T-01,12,P06-08,데스크 오거나이저,좌측 전면 띠,100,24,474,674,100,24,0,사진 추정 치수 — 재단 보류
12T-01,12,P06-09,데스크 오거나이저,좌측 후면 띠,100,24,474,646,100,24,0,사진 추정 치수 — 재단 보류
