판,두께T,번호,Xmm,Ymm,X폭mm,Y길이mm,면적mm2
15T-01,15,1,179,2198,92,192,17664
15T-01,15,2,542,2044.5,48,320,15360
15T-01,15,3,275,1434,15,956,14340
15T-01,15,4,492,1173,45,181,8145
15T-01,15,5,352,1358,238,28.5,6783.0
15T-01,15,6,294,2129.5,25,260.5,6512.5
15T-01,15,7,580.5,1390.5,9.5,650,6175.0
15T-01,15,8,581,10,9,670,6030
15T-01,15,9,10,2369,150,21,3150
15T-01,15,10,488,2368.5,102,21.5,2193.0
15T-01,15,11,323,2378.5,161,11.5,1851.5
15T-01,15,12,164,2288,11,102,1122
15T-01,15,13,463,664,55,16,880
15T-01,15,14,522,664,55,16,880
15T-02,15,1,10,2351.5,460,38.5,17710.0
15T-02,15,2,474,2268.5,116,121.5,14094.0
15T-02,15,3,578,10,12,702.5,8430.0
15T-02,15,4,551.5,1155.5,38.5,211,8123.5
15T-02,15,5,573,1370.5,17,450,7650
15T-02,15,6,290,2018.5,280,22,6160
15T-02,15,7,267.5,1349.5,280,17,4760
15T-02,15,8,574,1824.5,16,216,3456
15T-02,15,9,582,2044.5,8,220,1760
15T-02,15,10,444,2297.5,26,50,1300
15T-02,15,11,496.5,1140.5,90,6,540
15T-02,15,12,519,1812.5,50,8,400
15T-02,15,13,442.5,1150.5,147.5,1,147.5
15T-03,15,1,578,10,12,2380,28560
15T-03,15,2,234,2280,171,110,18810
15T-03,15,3,409,1841,16,549,8784
15T-03,15,4,553,1003,16,460,7360
15T-03,15,5,553,1467,16,460,7360
15T-03,15,6,409,1377,16,435,6960
15T-03,15,7,10,2359,220,31,6820
15T-03,15,8,483,1307,6,1083,6498
15T-03,15,9,493,2210,25,180,4500
15T-03,15,10,234,1816,191,21,4011
15T-03,15,11,429,2330,45,60,2700
15T-03,15,12,573,499,1,1891,1891
15T-03,15,13,524,2355,45,35,1575
15T-03,15,14,478,1826,1,564,564
15T-04,15,1,514,434,45,1956,88020
15T-04,15,2,563,10,27,2380,64260
15T-04,15,3,499,479,11,1911,21021
15T-04,15,4,464,1941,31,449,13919
15T-04,15,5,479,998,16,500,8000
15T-04,15,6,10,2383,450,7,3150
15T-05,15,1,449,1147,141,171,24111
15T-05,15,2,539,1994,50,396,19800
15T-05,15,3,553,464,37,450,16650
15T-05,15,4,542,918,48,220,10560
15T-05,15,5,334,2002,26,388,10088
15T-05,15,6,568,10,22,438,9636
15T-05,15,7,364,1652,6,738,4428
15T-05,15,8,10,2380,320,10,3200
15T-05,15,9,374,2384,161,6,966
15T-05,15,10,499,452,91,8,728
15T-05,15,11,499,906,50,8,400
15T-05,15,12,434,1142,156,1,156
12T-01,12,1,10,154,358,2236,800488
12T-01,12,2,372,722,218,1668,363624
12T-01,12,3,580,10,10,346,3460
12T-01,12,4,578,544,12,174,2088
12T-01,12,5,578,372,12,168,2016
12T-01,12,6,474,702,100,16,1600
12T-01,12,7,476,360,114,8,912
